Index,Timestamp,Enclave_Module,Security_Level,Log_Message,Merkle_Anchor_Hash,HSM_Consensus
1,2026-09-03T07:00:14.603Z,Chamber-13 Warp,CANONICAL_INFO,"[WarpJump] SUCCESS Jump #446 → Nexus Gateway Omega (Multiverse Sovereign Kernel)",909ab814479844d8a14816bed34cdbb07528e18501da86fc4691763a43fa4c68,10/10 REAL_HSM
2,2026-09-03T07:00:12.203Z,Canonical Core,CANONICAL_INFO,"[ML-DSA-87] Signed Jump Certificate CERT-SOV-JUMP-446 by #EP-SOVEREIGN-01",909ab814479844d8a14816bed34cdbb07528e18501da86fc4691763a43fa4c68,10/10 REAL_HSM
3,2026-09-03T07:00:09.803Z,Chamber-13 Warp,CANONICAL_INFO,"[ProofChain] Merkle Warp Tree re-verified against Block #849202 (Δ0)",909ab814479844d8a14816bed34cdbb07528e18501da86fc4691763a43fa4c68,10/10 REAL_HSM
4,2026-09-03T07:00:07.403Z,Chamber-03 Sentinel,WARN/FAIL-CLOSED,"[Sentinel] HIGH-RISK TX BLOCKED risk=0.96 -> ESCROW @ 13:59:24",909ab814479844d8a14816bed34cdbb07528e18501da86fc4691763a43fa4c68,10/10 REAL_HSM
5,2026-09-03T07:00:05.004Z,Chamber-03 Sentinel,WARN/FAIL-CLOSED,"[Sentinel] HIGH-RISK TX BLOCKED risk=0.96 -> ESCROW @ 13:59:18",909ab814479844d8a14816bed34cdbb07528e18501da86fc4691763a43fa4c68,10/10 REAL_HSM
6,2026-09-03T07:00:02.604Z,Chamber-04 Invariants,CANONICAL_INFO,"[BatchVerify] SUCCESS: 14,902 Canonical Seals Validated in 142ms (Merkle 909ab814... Δ0)",909ab814479844d8a14816bed34cdbb07528e18501da86fc4691763a43fa4c68,10/10 REAL_HSM
7,2026-09-03T07:00:00.204Z,Canonical Core,CANONICAL_INFO,"[HSM Quorum] 10/10 Deca-Key Attestation Confirmed (FIPS 140-3 Level 4)",909ab814479844d8a14816bed34cdbb07528e18501da86fc4691763a43fa4c68,10/10 REAL_HSM
8,2026-09-03T06:59:57.804Z,Canonical Core,CANONICAL_INFO,"[FROZEN] [Phase 01–40] Master Manifest Replay Determinism Logged (SSoT Δ0)",909ab814479844d8a14816bed34cdbb07528e18501da86fc4691763a43fa4c68,10/10 REAL_HSM
9,2026-09-03T06:59:55.404Z,Canonical Core,CANONICAL_INFO,"[CANONICAL] [LedgerFabric] Jump Transaction #001 → Signed ML-DSA-87",909ab814479844d8a14816bed34cdbb07528e18501da86fc4691763a43fa4c68,10/10 REAL_HSM
10,2026-09-03T06:59:53.004Z,Chamber-13 Warp,CANONICAL_INFO,"[CANONICAL] [MerkleWarpTree] Proof Chain Anchored → Merkle Root 0x909ab814...43fa4c68",909ab814479844d8a14816bed34cdbb07528e18501da86fc4691763a43fa4c68,10/10 REAL_HSM
11,2026-09-03T06:59:50.604Z,Canonical Core,WARN/FAIL-CLOSED,"[SECURITY] [ChaosDrill] Intercepted Direct Write to Frozen Core → FAIL-CLOSED ENFORCED",909ab814479844d8a14816bed34cdbb07528e18501da86fc4691763a43fa4c68,10/10 REAL_HSM
12,2026-09-03T06:59:48.204Z,Canonical Core,CANONICAL_INFO,"[TELEMETRY] [NavGrid] Tenant Ω1000 Sovereign Control Node Synchronized",909ab814479844d8a14816bed34cdbb07528e18501da86fc4691763a43fa4c68,10/10 REAL_HSM
13,2026-09-03T06:59:45.804Z,Canonical Core,CANONICAL_INFO,"[CANONICAL] [FIOS DS-901] Quality 35% ROIC Z-Score Model Verified -> Sharpe 2.41",909ab814479844d8a14816bed34cdbb07528e18501da86fc4691763a43fa4c68,10/10 REAL_HSM
14,2026-09-03T06:59:43.404Z,Canonical Core,CANONICAL_INFO,"[FROZEN] [Phase 40] Gate 22 SSoT Mutation Delta = 0 Confirmed PASS",909ab814479844d8a14816bed34cdbb07528e18501da86fc4691763a43fa4c68,10/10 REAL_HSM